pdf017-lesson-label	1	Bài
pdf017-title	AI小语，你好！	Xin chào AI Tiểu Ngữ!
pdf017-goals-heading	目标	Mục tiêu
pdf017-goal-01	能听懂并使用礼貌用语打招呼、致谢、告别。	Có thể nghe hiểu và sử dụng được¦ngôn ngữ lịch sự để chào hỏi, cảm ơn và tạm biệt.
pdf017-goal-02	了解中文交际礼仪，能听懂并使用第二人称代词敬称“您”。	Hiểu về nghi thức¦giao tiếp tiếng Trung Quốc, có thể nghe hiểu và sử dụng được đại từ nhân xưng ngôi thứ¦hai mang tính trang trọng “您”.
pdf017-text-1-heading	课文1	Bài khoá 1
pdf017-text-1-scene	开学第一天，在办公室里，王一飞和AI助教小语打招呼。	Ngày đầu tiên đi học, Vương¦Nhất Phi chào hỏi trợ giảng AI Tiểu Ngữ ở trong văn phòng.
pdf017-text-1-read	朗读对话。	Đọc to đoạn hội thoại.
pdf017-text-1-words	生词	Từ mới
pdf017-word-01-gloss	你好	xin chào,¦chào bạn
pdf017-proper-heading	专有名词	Danh từ riêng
pdf017-proper-01-gloss	王老师	cô Vương
pdf017-text-1-line-01	AI小语，你好！	Vương Nhất Phi: Xin chào AI Tiểu Ngữ!
pdf017-text-1-line-02	王老师，你好！	Tiểu Ngữ: Chào cô Vương!
pdf018-book-header	新HSK教程1	Giáo trình New HSK 1
pdf018-text-2-heading	课文2	Bài khoá 2
pdf018-text-2-scene	开学第一天，课堂上，学生们学习打招呼用语。	Ngày đầu tiên đi học, các bạn học sinh¦học cách diễn đạt chào hỏi tại lớp.
pdf018-text-2-read	朗读对话。	Đọc to đoạn hội thoại.
pdf018-tip-label	小语助力	Tiểu Ngữ¦giúp sức
pdf018-tip-politeness	“您”，敬称，对年长者或尊敬的人使用。	“您” là đại từ nhân xưng mang sắc thái trang trọng,¦được dùng để xưng hô với người lớn tuổi hoặc những người mà bạn kính trọng.
pdf018-text-2-words	生词	Từ mới
pdf018-word-02-gloss	大家	mọi người
pdf018-word-02-pos	大家	đt.
pdf018-word-03-gloss	好	tốt, khoẻ
pdf018-word-03-pos	好	tt.
pdf018-word-04-gloss	学生	học sinh, sinh viên
pdf018-word-04-pos	学生	dt.
pdf018-word-05-gloss	们	dùng sau đại từ nhân¦xưng hoặc danh từ để¦chỉ số nhiều
pdf018-word-05-pos	们	htố.
pdf018-word-06-gloss	老师	thầy giáo, cô giáo,¦giáo viên
pdf018-word-06-pos	老师	dt.
pdf018-word-07-gloss	您	ngài, ông, bà... (đại từ¦nhân xưng ngôi thứ hai¦thể hiện sự trang trọng)
pdf018-word-07-pos	您	đt.
pdf018-word-08-gloss	你们	các bạn, các anh, các chị...¦(đại từ nhân xưng ngôi¦thứ hai số nhiều)
pdf018-word-08-pos	你们	đt.
pdf018-text-2-line-01	大家好！	Vương Nhất Phi: Chào cả lớp!
pdf018-text-2-line-02	老师，您好！	Học sinh: Chào cô ạ!
pdf018-text-2-line-03	你们好！	Tiểu Ngữ: Chào các bạn!
pdf018-text-2-line-04	你好，小语！	Học sinh: Chào Tiểu Ngữ!
pdf018-text-2-role-read	分角色朗读对话。	Phân vai đọc to đoạn hội thoại.
pdf018-text-2-pair-practice	两人一组或多人一组，用真实姓名对话。	Hai người một nhóm hoặc nhiều người một nhóm,¦tiến hành hội thoại với nhau bằng họ tên thật.
pdf019-running-lesson	AI小语，你好！ | 1	Bài
pdf019-text-3-heading	课文3	Bài khoá 3
pdf019-text-3-scene	开学第一天，课堂上，学生们学习致谢语、告别语。	Ngày đầu tiên đi học, các bạn học sinh¦học các mẫu câu cảm ơn và tạm biệt ở trong lớp học.
pdf019-text-3-read	朗读对话。	Đọc to đoạn hội thoại.
pdf019-text-3-words	生词	Từ mới
pdf019-word-09-gloss	谢谢	cảm ơn
pdf019-word-09-pos	谢谢	đgt.
pdf019-word-10-gloss	不客气	đừng khách sáo,¦không cần khách khí
pdf019-word-11-gloss	同学	bạn học
pdf019-word-11-pos	同学	dt.
pdf019-word-12-gloss	再见	tạm biệt
pdf019-word-12-pos	再见	đgt.
pdf019-text-3-line-01	谢谢！	Học sinh: Cảm ơn bạn!
pdf019-text-3-line-02	不客气！	Tiểu Ngữ: Đừng khách sáo!
pdf019-text-3-line-03	同学们，再见！	Vương Nhất Phi: Tạm biệt các em!
pdf019-text-3-line-04	老师，再见！	Học sinh: Tạm biệt cô ạ!
pdf019-text-3-role-read	分角色朗读对话。	Phân vai đọc to đoạn hội thoại.
pdf019-text-3-pair-practice	两人一组，用对方的名字对话。	Hai người một nhóm, sử dụng tên của nhau để thực hành¦hội thoại.
pdf020-book-header	新HSK教程1	Giáo trình New HSK 1
pdf020-tongue-heading	跟读绕口令	Cùng đọc bài vè
pdf020-tongue-line-01	妈种麻，我放马。	Mẹ trồng cây gai, tôi thả ngựa.
pdf020-tongue-line-02	马吃麻，妈骂马。	Ngựa ăn cây gai, mẹ mắng ngựa.
pdf020-tip-label	小语助力	Tiểu Ngữ¦giúp sức
pdf020-tip-pinyin-video	你还想学习更多的汉语拼音知识吗？那就去敲敲“小语的彩蛋”吧，惊喜等着你。	Bạn có muốn học thêm kiến thức về phiên âm¦tiếng Trung Quốc không? Hãy ghé thăm chuyên mục “Món quà của¦Tiểu Ngữ” nhé, một điều bất ngờ đang chờ đợi bạn.
pdf020-video-heading	小语的彩蛋	Món quà của Tiểu Ngữ
pdf020-video-topic	汉语拼音	Phiên âm tiếng Trung Quốc
