sourceId	pdfPages	printedPages	section	zhAnchor	expectedViPrinted	printedPOSRaw	posPrinted	printedRoleZh	printedRoleVi	decision	repairRequired	evidence
hsk2-official-vi:l03:p019:lesson-number-header	33	19	lesson-number-header	3	Bài 3					accept-original-page-visual	False	original-full-pdf033
hsk2-official-vi:l03:p019:lesson-title	33	19	lesson-title	我想去西安旅游	Em muốn đi Tây An du lịch					accept-original-page-visual	False	original-full-pdf033
hsk2-official-vi:l03:p019:goals-header	33	19	goals-header	目标	Mục tiêu					accept-original-page-visual	False	original-full-pdf033
hsk2-official-vi:l03:p019:goal1	33	19	goal1	能听懂并询问事情的原因。	Có thể nghe hiểu và hỏi được nguyên nhân của sự việc.					accept-original-page-visual	False	original-full-pdf033
hsk2-official-vi:l03:p019:goal2	33	19	goal2	掌握结果补语的用法，能描述动作的结果。	Nắm vững cách dùng của bổ ngữ kết quả để miêu tả kết quả của hành động.					accept-original-page-visual	False	original-full-pdf033
hsk2-official-vi:l03:p019:goal3	33	19	goal3	掌握动词重叠的用法，能用来表达动作时间短、数量少、尝试等意义。	Nắm vững cách dùng của động từ lặp lại để diễn đạt thời gian ngắn của hành động, số lượng ít hoặc thử làm gì.					accept-original-page-visual	False	original-full-pdf033
hsk2-official-vi:l03:p019:goal4	33	19	goal4	了解西安的旅游景点。	Hiểu về các điểm tham quan du lịch ở Tây An.					accept-original-page-visual	False	original-full-pdf033
hsk2-official-vi:l03:p019:warmup-header	33	19	warmup-header	热身	Khởi động					accept-original-page-visual	False	original-full-pdf033
hsk2-official-vi:l03:p019:warmup1-instruction	33	19	warmup1-instruction	给下面的词语选择对应的图片。	Lựa chọn hình ảnh tương ứng với các từ ngữ sau.					accept-original-page-visual	False	original-full-pdf033
hsk2-official-vi:l03:p019:warmup2-instruction	33	19	warmup2-instruction	给下面的动词加上合适的名词。	Hãy thêm danh từ thích hợp cho các động từ sau.					accept-original-page-visual	False	original-full-pdf033
hsk2-official-vi:l03:p020:running-series-header	34	20	running-series-header	新HSK教程2	Giáo trình New HSK 2					accept-original-page-visual	False	original-full-pdf034
hsk2-official-vi:l03:p020:text1-header	34	20	text1-header	课文1	Bài khoá 1					accept-original-page-visual	False	original-full-pdf034
hsk2-official-vi:l03:p020:text1-context	34	20	text1-context	在家门口，刘明开门进到家里。	Tại cửa ra vào, Lưu Minh mở cửa đi vào trong nhà.					accept-original-page-visual	False	original-full-pdf034
hsk2-official-vi:l03:p020:text1-listen-instruction	34	20	text1-listen-instruction	听两遍对话，选择正确答案。	Nghe hội thoại hai lượt và chọn đáp án đúng.					accept-original-page-visual	False	original-full-pdf034
hsk2-official-vi:l03:p020:words-header	34	20	words-header	生词	Từ mới					accept-original-page-visual	False	original-full-pdf034
hsk2-official-vi:l03:p020:word01	34	20	word01	回来	quay về, quay lại	đgt.	True			accept-original-page-visual	False	original-full-pdf034;original-detail-pdf034-words01-03
hsk2-official-vi:l03:p020:word02	34	20	word02	这么	như vậy	đt.	True			accept-original-page-visual	False	original-full-pdf034;original-detail-pdf034-words01-03
hsk2-official-vi:l03:p020:word03	34	20	word03	完	xong	đgt.	True			accept-original-page-visual	False	original-full-pdf034;original-detail-pdf034-words01-03
hsk2-official-vi:l03:p020:text1-line01	34	20	text1-line01	今天回来这么晚啊！	Hôm nay anh về muộn thế!			王一雪	Vương Nhất Tuyết	accept-original-page-visual	False	original-full-pdf034
hsk2-official-vi:l03:p020:text1-line02	34	20	text1-line02	工作太多了，下班的时候没做完。	Anh có nhiều việc quá, đến giờ tan làm mà vẫn chưa xong.			刘明	Lưu Minh	accept-original-page-visual	False	original-full-pdf034
hsk2-official-vi:l03:p020:text1-line03	34	20	text1-line03	菜都做好了，过来吃饭吧。	Cơm nấu xong rồi. Anh ra ăn cơm nhé.			王一雪	Vương Nhất Tuyết	accept-original-page-visual	False	original-full-pdf034
hsk2-official-vi:l03:p020:text1-line04	34	20	text1-line04	我想休息一下，喝杯水。	Anh muốn nghỉ ngơi một lát, uống cốc nước đã.			刘明	Lưu Minh	accept-original-page-visual	False	original-full-pdf034
hsk2-official-vi:l03:p020:text1-line05	34	20	text1-line05	好的。	Vâng ạ.			王一雪	Vương Nhất Tuyết	accept-original-page-visual	False	original-full-pdf034
hsk2-official-vi:l03:p020:text1-role-read-instruction	34	20	text1-role-read-instruction	分角色朗读对话，读后回答问题。	Phân vai đọc to đoạn hội thoại, sau đó trả lời câu hỏi.					accept-original-page-visual	False	original-full-pdf034
hsk2-official-vi:l03:p021:running-lesson-header	35	21	running-lesson-header	3	Bài 3					accept-original-page-visual	False	original-full-pdf035
hsk2-official-vi:l03:p021:grammar1-section-header	35	21	grammar1-section-header	小语讲堂	Lớp học của Tiểu Ngữ					accept-original-page-visual	False	original-full-pdf035
hsk2-official-vi:l03:p021:grammar1-title	35	21	grammar1-title	结果补语	Bổ ngữ kết quả					accept-original-page-visual	False	original-full-pdf035
hsk2-official-vi:l03:p021:grammar1-rule1	35	21	grammar1-rule1	一些动词或者形容词用在动词后面，表示动作的结果。例如：	Có một số động từ hoặc tính từ có thể đặt sau động từ để biểu thị kết quả của hành động. Ví dụ:					accept-original-page-visual	False	original-full-pdf035
hsk2-official-vi:l03:p021:grammar1-rule2	35	21	grammar1-rule2	否定形式是在动词前面加“没（有）”，同时要去掉“了”。例如：	Hình thức phủ định là thêm “没（有）” vào trước động từ và bỏ “了” ở cuối câu. Ví dụ:					accept-original-page-visual	False	original-full-pdf035
hsk2-official-vi:l03:p021:grammar1-rule3	35	21	grammar1-rule3	疑问形式有三种，分别是：（1）在句尾加“了吗”；（2）在句尾加“（了）没有”；（3）动词+没+动词+结果补语。例如：	Hình thức nghi vấn có 3 loại: (1) thêm “了吗” vào cuối câu; (2) thêm “（了）没有” vào cuối câu; (3) động từ + 没 + động từ + bổ ngữ kết quả. Ví dụ:					accept-original-page-visual	False	original-full-pdf035
hsk2-official-vi:l03:p021:grammar1-complete-instruction	35	21	grammar1-complete-instruction	完成对话。	Hoàn thành hội thoại.					accept-original-page-visual	False	original-full-pdf035
hsk2-official-vi:l03:p021:text2-header	35	21	text2-header	课文2	Bài khoá 2					accept-original-page-visual	False	original-full-pdf035
hsk2-official-vi:l03:p021:text2-context	35	21	text2-context	在客厅，刘明和王一雪在聊天儿。	Lưu Minh và Vương Nhất Tuyết đang trò chuyện trong phòng khách.					accept-original-page-visual	False	original-full-pdf035
hsk2-official-vi:l03:p021:text2-listen-instruction	35	21	text2-listen-instruction	听两遍对话，选择正确答案。	Nghe hội thoại hai lượt và chọn đáp án đúng.					accept-original-page-visual	False	original-full-pdf035
hsk2-official-vi:l03:p022:running-series-header	36	22	running-series-header	新HSK教程2	Giáo trình New HSK 2					accept-original-page-visual	False	original-full-pdf036
hsk2-official-vi:l03:p022:words-header	36	22	words-header	生词	Từ mới					accept-original-page-visual	False	original-full-pdf036
hsk2-official-vi:l03:p022:word04	36	22	word04	一起	cùng, cùng nhau	phó.	True			accept-original-page-visual	False	original-full-pdf036
hsk2-official-vi:l03:p022:word05	36	22	word05	出去	đi ra, đi khỏi, đi	đgt.	True			accept-original-page-visual	False	original-full-pdf036
hsk2-official-vi:l03:p022:text2-line01	36	22	text2-line01	我们找个时间去旅游，怎么样？	Chúng ta sắp xếp thời gian đi du lịch, em thấy thế nào?			刘明	Lưu Minh	accept-original-page-visual	False	original-full-pdf036
hsk2-official-vi:l03:p022:text2-line02	36	22	text2-line02	好啊，我也很想一起出去玩。	Nhất trí! Em cũng rất muốn đi chơi cùng anh.			王一雪	Vương Nhất Tuyết	accept-original-page-visual	False	original-full-pdf036
hsk2-official-vi:l03:p022:text2-line03	36	22	text2-line03	你想去哪儿？	Em muốn đi đâu?			刘明	Lưu Minh	accept-original-page-visual	False	original-full-pdf036
hsk2-official-vi:l03:p022:text2-line04	36	22	text2-line04	我还没想好呢。	Em vẫn chưa nghĩ ra.			王一雪	Vương Nhất Tuyết	accept-original-page-visual	False	original-full-pdf036
hsk2-official-vi:l03:p022:text2-line05	36	22	text2-line05	那你再想一想，你想好了，我来买票。	Vậy em cứ nghĩ thêm nhé. Khi nào em nghĩ xong, anh sẽ mua vé.			刘明	Lưu Minh	accept-original-page-visual	False	original-full-pdf036
hsk2-official-vi:l03:p022:text2-role-read-instruction	36	22	text2-role-read-instruction	分角色朗读对话，读后回答问题。	Phân vai đọc to đoạn hội thoại, sau đó trả lời câu hỏi.					accept-original-page-visual	False	original-full-pdf036
hsk2-official-vi:l03:p022:grammar2-section-header	36	22	grammar2-section-header	小语讲堂	Lớp học của Tiểu Ngữ					accept-original-page-visual	False	original-full-pdf036
hsk2-official-vi:l03:p022:grammar2-title	36	22	grammar2-title	动词重叠（1）	Động từ lặp lại (1)					accept-original-page-visual	False	original-full-pdf036
hsk2-official-vi:l03:p023:running-lesson-header	37	23	running-lesson-header	3	Bài 3					accept-original-page-visual	False	original-full-pdf037
hsk2-official-vi:l03:p023:grammar2-rule1	36,37	22,23	grammar2-rule1	动作性比较强、能重复或持续的动词重叠使用，表示时间短、数量少、尝试等意思，语气比较轻松、随意，多用于口语。	Những động từ có tính hành động mạnh, có thể lặp đi lặp lại hoặc duy trì thì đều có thể lặp lại. Động từ lặp lại thường dùng trong văn nói, mang ngữ khí nhẹ nhàng, tự nhiên, biểu thị thời gian ngắn, số lượng ít hoặc mang sắc thái thử nghiệm...					accept-original-page-visual	False	original-full-pdf036;original-full-pdf037;original-detail-pdf036-grammar2-chinese;original-detail-pdf037-grammar2-vietnamese
hsk2-official-vi:l03:p023:grammar2-rule2	36,37	22,23	grammar2-rule2	单音节动词的重叠形式是“A（一）A”，双音节动词的重叠形式是“ABAB”，离合词的重叠形式是“AAB”。例如：	Hình thức lặp lại của động từ đơn âm tiết là “A（一）A”; hình thức lặp lại của động từ song âm tiết là “ABAB”; hình thức lặp lại của từ li hợp là “AAB”. Ví dụ:					accept-original-page-visual	False	original-full-pdf036;original-full-pdf037;original-detail-pdf036-grammar2-chinese;original-detail-pdf037-grammar2-vietnamese
hsk2-official-vi:l03:p023:grammar2-complete-instruction	37	23	grammar2-complete-instruction	完成对话。	Hoàn thành hội thoại.					accept-original-page-visual	False	original-full-pdf037
hsk2-official-vi:l03:p023:text3-header	37	23	text3-header	课文3	Bài khoá 3					accept-original-page-visual	False	original-full-pdf037
hsk2-official-vi:l03:p023:text3-context	37	23	text3-context	在客厅，刘明和王一雪在聊天儿。	Lưu Minh và Vương Nhất Tuyết đang trò chuyện trong phòng khách.					accept-original-page-visual	False	original-full-pdf037
hsk2-official-vi:l03:p023:text3-listen-instruction	37	23	text3-listen-instruction	听两遍对话，选择正确答案。	Nghe hội thoại hai lượt và chọn đáp án đúng.					accept-original-page-visual	False	original-full-pdf037
hsk2-official-vi:l03:p024:running-series-header	38	24	running-series-header	新HSK教程2	Giáo trình New HSK 2					accept-original-page-visual	False	original-full-pdf038
hsk2-official-vi:l03:p024:words-header	38	24	words-header	生词	Từ mới					accept-original-page-visual	False	original-full-pdf038
hsk2-official-vi:l03:p024:word06	38	24	word06	洗	rửa	đgt.	True			accept-original-page-visual	False	original-full-pdf038;original-detail-pdf038-words06-11
hsk2-official-vi:l03:p024:word07	38	24	word07	自己	tự, tự mình, bản thân	đt.	True			accept-original-page-visual	False	original-full-pdf038;original-detail-pdf038-words06-11
hsk2-official-vi:l03:p024:word08	38	24	word08	拿	cầm, nắm	đgt.	True			accept-original-page-visual	False	original-full-pdf038;original-detail-pdf038-words06-11
hsk2-official-vi:l03:p024:word09	38	24	word09	手	tay	dt.	True			accept-original-page-visual	False	original-full-pdf038;original-detail-pdf038-words06-11
hsk2-official-vi:l03:p024:word10	38	24	word10	为什么	tại sao, vì sao		False			accept-original-page-visual	False	original-full-pdf038;original-detail-pdf038-words06-11
hsk2-official-vi:l03:p024:word11	38	24	word11	不错	không tồi, hay	tt.	True			accept-original-page-visual	False	original-full-pdf038;original-detail-pdf038-words06-11
hsk2-official-vi:l03:p024:helper-header	38	24	helper-header	小语助力	Tiểu Ngữ giúp sức					accept-original-page-visual	False	original-full-pdf038
hsk2-official-vi:l03:p024:helper-duile	38	24	helper-duile	“对了”表示突然想起另外一件事或提出另一个话题。	“对了” được dùng khi người nói chợt nhớ ra điều gì đó hoặc muốn chuyển sang chủ đề khác.					accept-original-page-visual	False	original-full-pdf038
hsk2-official-vi:l03:p024:text3-line01	38	24	text3-line01	吃个苹果吧，我都洗好了。	Ăn quả táo đi, anh đã rửa sạch rồi.			刘明	Lưu Minh	accept-original-page-visual	False	original-full-pdf038
hsk2-official-vi:l03:p024:text3-line02	38	24	text3-line02	好的。	Vâng ạ.			王一雪	Vương Nhất Tuyết	accept-original-page-visual	False	original-full-pdf038
hsk2-official-vi:l03:p024:text3-line03	38	24	text3-line03	就在桌子上，你自己拿。	Táo để trên bàn, em tự đi lấy nhé.			刘明	Lưu Minh	accept-original-page-visual	False	original-full-pdf038
hsk2-official-vi:l03:p024:text3-line04	38	24	text3-line04	我去洗洗手。对了，我们去西安旅游，怎么样？	Em đi rửa tay đã. À đúng rồi, mình đi Tây An du lịch, anh thấy thế nào?			王一雪	Vương Nhất Tuyết	accept-original-page-visual	False	original-full-pdf038
hsk2-official-vi:l03:p024:text3-line05	38	24	text3-line05	为什么想去西安？	Vì sao em muốn đi Tây An?			刘明	Lưu Minh	accept-original-page-visual	False	original-full-pdf038
hsk2-official-vi:l03:p024:text3-line06	38	24	text3-line06	我看了看网上的介绍，这个时候去西安很不错！	Em có xem qua giới thiệu ở trên mạng. Thời điểm này đi Tây An rất tuyệt!			王一雪	Vương Nhất Tuyết	accept-original-page-visual	False	original-full-pdf038
hsk2-official-vi:l03:p024:text3-role-read-instruction	38	24	text3-role-read-instruction	分角色朗读对话，读后回答问题。	Phân vai đọc to đoạn hội thoại, sau đó trả lời câu hỏi.					accept-original-page-visual	False	original-full-pdf038
hsk2-official-vi:l03:p024:grammar3-section-header	38	24	grammar3-section-header	小语讲堂	Lớp học của Tiểu Ngữ					accept-original-page-visual	False	original-full-pdf038
hsk2-official-vi:l03:p024:grammar3-title	38	24	grammar3-title	动词重叠（2）	Động từ lặp lại (2)					accept-original-page-visual	False	original-full-pdf038
hsk2-official-vi:l03:p024:grammar3-rule	38,39	24,25	grammar3-rule	表达已经发生的情况时，单音节动词的重叠形式是“A了A”；双音节动词一般不能用重叠形式，只能用“AB了一下”；离合词的重叠形式是“A了AB”。例如：	Khi diễn đạt tình huống đã xảy ra, hình thức lặp lại của động từ đơn âm tiết là “A了A”; động từ song âm tiết nói chung không dùng hình thức lặp lại, mà chỉ dùng cấu trúc “AB了一下”; còn hình thức lặp lại của từ li hợp là “A了AB”. Ví dụ:					accept-original-page-visual	False	original-full-pdf038;original-full-pdf039;original-detail-pdf038-grammar3-first-fragment;original-detail-pdf039-grammar3-continuation
hsk2-official-vi:l03:p025:running-lesson-header	39	25	running-lesson-header	3	Bài 3					accept-original-page-visual	False	original-full-pdf039
hsk2-official-vi:l03:p025:grammar3-complete-instruction	39	25	grammar3-complete-instruction	完成对话。	Hoàn thành hội thoại.					accept-original-page-visual	False	original-full-pdf039
hsk2-official-vi:l03:p025:text4-header	39	25	text4-header	课文4	Bài khoá 4					accept-original-page-visual	False	original-full-pdf039
hsk2-official-vi:l03:p025:text4-context	39	25	text4-context	在家里，王一雪给好朋友打电话。	Vương Nhất Tuyết gọi điện cho bạn thân ở trong nhà.					accept-original-page-visual	False	original-full-pdf039
hsk2-official-vi:l03:p025:text4-listen-instruction	39	25	text4-listen-instruction	听两遍课文，判断正误。	Nghe bài khoá hai lượt và phán đoán đúng sai.					accept-original-page-visual	False	original-full-pdf039
hsk2-official-vi:l03:p025:words-header	39	25	words-header	生词	Từ mới					accept-original-page-visual	False	original-full-pdf039
hsk2-official-vi:l03:p025:word12	39	25	word12	送	đưa, tiễn, tặng	đgt.	True			accept-original-page-visual	False	original-full-pdf039;original-detail-pdf039-words12-15
hsk2-official-vi:l03:p025:word13	39	25	word13	回去	quay về, về	đgt.	True			accept-original-page-visual	False	original-full-pdf039;original-detail-pdf039-words12-15
hsk2-official-vi:l03:p025:word14	39	25	word14	每	mỗi, hàng (ngày, năm...)	đt.	True			accept-original-page-visual	False	original-full-pdf039;original-detail-pdf039-words12-15
hsk2-official-vi:l03:p025:word15	39	25	word15	累	mệt	tt.	True			accept-original-page-visual	False	original-full-pdf039;original-detail-pdf039-words12-15
hsk2-official-vi:l03:p025:text4-whole-paragraph	39	25	text4-whole-paragraph	早上，刘明开车送孩子去学校，送完孩子回家后，医院就来电话了，让他回去上班。我觉得他这个月每天都很累，真想让他休息休息。	Buổi sáng, Lưu Minh lái xe đưa con đi đến trường, sau khi đưa con xong quay về nhà thì bệnh viện gọi điện đến, yêu cầu anh ấy quay về bệnh viện làm việc. Tôi cảm thấy tháng này ngày nào Lưu Minh cũng đều rất bận, thật muốn anh ấy được nghỉ ngơi một chút.					accept-original-page-visual	False	original-full-pdf039;original-detail-pdf039-text4-whole
hsk2-official-vi:l03:p025:text4-read-instruction	39	25	text4-read-instruction	朗读课文，读后选择正确答案。	Đọc to bài khoá, sau đó lựa chọn đáp án đúng.					accept-original-page-visual	False	original-full-pdf039
hsk2-official-vi:l03:p026:running-series-header	40	26	running-series-header	新HSK教程2	Giáo trình New HSK 2					accept-original-page-visual	False	original-full-pdf040
hsk2-official-vi:l03:p026:integrated-header	40	26	integrated-header	综合练习	Bài tập tổng hợp					accept-original-page-visual	False	original-full-pdf040
hsk2-official-vi:l03:p026:integrated1-instruction	40	26	integrated1-instruction	选词填空。	Chọn từ thích hợp điền vào chỗ trống.					accept-original-page-visual	False	original-full-pdf040
hsk2-official-vi:l03:p026:integrated2-instruction	40	26	integrated2-instruction	用本课新学的词语和语言点描述图片。	Sử dụng từ ngữ và điểm ngôn ngữ đã học trong bài để miêu tả các hình ảnh sau.					accept-original-page-visual	False	original-full-pdf040
hsk2-official-vi:l03:p027:running-lesson-header	41	27	running-lesson-header	3	Bài 3					accept-original-page-visual	False	original-full-pdf041
hsk2-official-vi:l03:p027:classroom-header	41	27	classroom-header	课堂活动	Hoạt động trên lớp					accept-original-page-visual	False	original-full-pdf041
hsk2-official-vi:l03:p027:pair-header	41	27	pair-header	双人活动	Hoạt động theo nhóm hai người					accept-original-page-visual	False	original-full-pdf041
hsk2-official-vi:l03:p027:pair-instruction	41	27	pair-instruction	两人一组，互相询问：想不想去旅游？想好去哪儿旅游了吗？为什么选择该旅游地？等等。尽可能使用本课所学生词和语法。	Hai người một nhóm, hỏi nhau về các thông tin sau: Có muốn đi du lịch hay không? Muốn đi đâu du lịch? Tại sao lựa chọn địa điểm du lịch đó? Cố gắng sử dụng tối đa từ ngữ và điểm ngôn ngữ đã học trong bài.					accept-original-page-visual	False	original-full-pdf041
hsk2-official-vi:l03:p027:pair-example-header	41	27	pair-example-header	小语的例子	Ví dụ của Tiểu Ngữ					accept-original-page-visual	False	original-full-pdf041
hsk2-official-vi:l03:p027:bonus-header	41	27	bonus-header	小语的彩蛋	Món quà của Tiểu Ngữ					accept-original-page-visual	False	original-full-pdf041
hsk2-official-vi:l03:p027:bonus-video-caption	41	27	bonus-video-caption	西安的旅游景点	Các điểm tham quan du lịch ở Tây An					accept-original-page-visual	False	original-full-pdf041
hsk2-official-vi:l03:p027:learning-summary-header	41	27	learning-summary-header	学习小结	Tổng kết học tập					accept-original-page-visual	False	original-full-pdf041
hsk2-official-vi:l03:p027:learning-summary-scope	41	27	learning-summary-scope	1~3课我的学习情况：	Tình hình học tập từ bài 1 đến bài 3 của tôi:					accept-original-page-visual	False	original-full-pdf041
hsk2-official-vi:l03:p027:learning-summary-words-header	41	27	learning-summary-words-header	词语学习	Việc học từ ngữ					accept-original-page-visual	False	original-full-pdf041
hsk2-official-vi:l03:p027:learning-summary-words-known	41	27	learning-summary-words-known	我已经记住并会使用的词语	Những từ ngữ tôi đã nhớ và biết sử dụng					accept-original-page-visual	False	original-full-pdf041
hsk2-official-vi:l03:p027:learning-summary-words-not-known	41	27	learning-summary-words-not-known	我还没记住的词语	Những từ ngữ tôi chưa nhớ					accept-original-page-visual	False	original-full-pdf041
hsk2-official-vi:l03:p028:running-series-header	42	28	running-series-header	新HSK教程2	Giáo trình New HSK 2					accept-original-page-visual	False	original-full-pdf042;original-detail-pdf042-connected-summary-full
hsk2-official-vi:l03:p028:learning-summary-can-understand-use	42	28	learning-summary-can-understand-use	我理解并会用	Tôi đã hiểu và đã biết dùng					accept-original-page-visual	False	original-full-pdf042;original-detail-pdf042-connected-summary-full
hsk2-official-vi:l03:p028:learning-summary-understand-column	42	28	learning-summary-understand-column	理解	Đã hiểu					accept-original-page-visual	False	original-full-pdf042;original-detail-pdf042-connected-summary-full
hsk2-official-vi:l03:p028:learning-summary-use-column	42	28	learning-summary-use-column	会用	Đã biết dùng					accept-original-page-visual	False	original-full-pdf042;original-detail-pdf042-connected-summary-full
hsk2-official-vi:l03:p028:learning-summary-grammar-row01	42	28	learning-summary-grammar-row01	语气助词“吧”（2），例如：你是老师吧？	Trợ từ ngữ khí “吧” (2), ví dụ: 你是老师吧？					accept-original-page-visual	False	original-full-pdf042;original-detail-pdf042-connected-summary-full
hsk2-official-vi:l03:p028:learning-summary-grammar-row02	42	28	learning-summary-grammar-row02	“是……的”句，例如：我是昨天到的。	Câu “是……的”, ví dụ: 我是昨天到的。					accept-original-page-visual	False	original-full-pdf042;original-detail-pdf042-connected-summary-full
hsk2-official-vi:l03:p028:learning-summary-grammar-row03	42	28	learning-summary-grammar-row03	兼语句，例如：我想请你帮个忙。	Câu kiêm ngữ, ví dụ: 我想请你帮个忙。					accept-original-page-visual	False	original-full-pdf042;original-detail-pdf042-connected-summary-full
hsk2-official-vi:l03:p028:learning-summary-grammar-row04	42	28	learning-summary-grammar-row04	固定格式“还是……吧”，例如：我们还是打车去吧。	Cấu trúc cố định “还是……吧”, ví dụ: 我们还是打车去吧。					accept-original-page-visual	False	original-full-pdf042;original-detail-pdf042-connected-summary-full
hsk2-official-vi:l03:p028:learning-summary-grammar-row05	42	28	learning-summary-grammar-row05	用“多”表达概数，例如：我有二十多本中文书。	Sử dụng “多” để diễn đạt số ước lượng, ví dụ: 我有二十多本中文书。					accept-original-page-visual	False	original-full-pdf042;original-detail-pdf042-connected-summary-full
hsk2-official-vi:l03:p028:learning-summary-grammar-row06	42	28	learning-summary-grammar-row06	动词或动词性短语、主谓短语作定语，例如：你认识那个唱歌的人吗？	Động từ, cụm động từ, cụm chủ vị làm định ngữ, ví dụ: 你认识那个唱歌的人吗？					accept-original-page-visual	False	original-full-pdf042;original-detail-pdf042-connected-summary-full
hsk2-official-vi:l03:p028:learning-summary-grammar-row07	42	28	learning-summary-grammar-row07	结果补语，例如：我吃完饭了。	Bổ ngữ kết quả, ví dụ: 我吃完饭了。					accept-original-page-visual	False	original-full-pdf042;original-detail-pdf042-connected-summary-full
hsk2-official-vi:l03:p028:learning-summary-grammar-row08	42	28	learning-summary-grammar-row08	动词重叠（1），例如：我想休息休息。	Động từ lặp lại (1), ví dụ: 我想休息休息。					accept-original-page-visual	False	original-full-pdf042;original-detail-pdf042-connected-summary-full
hsk2-official-vi:l03:p028:learning-summary-grammar-row09	42	28	learning-summary-grammar-row09	动词重叠（2），例如：我看了看这本书。	Động từ lặp lại (2), ví dụ: 我看了看这本书。					accept-original-page-visual	False	original-full-pdf042;original-detail-pdf042-connected-summary-full
hsk2-official-vi:l03:p028:learning-summary-needs-effort	42	28	learning-summary-needs-effort	我需要努力的	Những điểm tôi cần cố gắng					accept-original-page-visual	False	original-full-pdf042;original-detail-pdf042-connected-summary-full
