pdfPage	headword	printedPinyin	lessonNumbers
186	阿姨	āyí	18
186	矮	ǎi	7
186	安静	ānjìng	6
186	把	bǎ	10,12
186	班级	bānjí	14
186	搬	bān	3
187	搬家	bānjiā	3
187	办	bàn	3
187	办法	bànfǎ	11
187	办公室	bàngōngshì	10
187	半天	bàntiān	16
187	帮助	bāngzhù	1
187	饱	bǎo	16
187	报纸	bàozhǐ	14
187	北方	běifāng	13
187	被	bèi	14
187	比较	bǐjiào	5
187	比如	bǐrú	17
187	比赛	bǐsài	9
187	笔记	bǐjì	10
187	笔记本（电脑）	bǐjìběn (diànnǎo)	11
187	必须	bìxū	6
187	*毕业	bìyè	18
187	变	biàn	12
187	变成	biànchéng	12
187	变化	biànhuà	12
187	遍	biàn	10
187	表演	biǎoyǎn	14
187	别的	biéde	4
187	别人	biérén	11
187	宾馆	bīnguǎn	4
187	*冰	bīng	7
187	冰箱	bīngxiāng	3
187	病人	bìngrén	8
187	不但	búdàn	7
187	不见	bújiàn	1
187	不用	búyòng	2
187	不久	bùjiǔ	18
187	不同	bù tóng	13
187	才	cái	3
187	菜单	càidān	2
187	参加	cānjiā	9
187	草地	cǎodì	15
187	*草原	cǎoyuán	4
187	层	céng	3
187	查	chá	17
187	差	chà	10
187	差不多	chàbuduō	8
187	尝	cháng	2
187	常	cháng	8
187	常常	chángcháng	12
187	常见	cháng jiàn	17
187	常用	cháng yòng	6
187	成绩	chéngjì	9
187	城市	chéngshì	11
187	迟到	chídào	6
187	*充电宝	chōngdiànbǎo	6
187	出发	chūfā	18
187	出生	chūshēng	18
187	出院	chūyuàn	8
187	初中	chūzhōng	3
187	除了	chúle	4
187	船	chuán	12
187	春天	chūntiān	12
187	词典	cídiǎn	14
187	聪明	cōngming	17
187	*错	cuò	17
187	打扫	dǎsǎo	3
187	打算	dǎsuàn	6
187	大概	dàgài	18
187	大人	dàren	16
188	大小	dàxiǎo	7
188	大熊猫	dàxióngmāo	16
188	大衣	dàyī	5
188	带	dài	1
188	担心	dānxīn	8
188	蛋糕	dàngāo	2
188	当然	dāngrán	10
188	到处	dàochù	17
188	的话	dehuà	13
188	得到	dédào	9
188	得分	défēn	9
188	得	děi	8
188	灯	dēng	3
188	*低	dī	8
188	地点	dìdiǎn	11
188	地方	dìfang	12
188	地图	dìtú	13
188	点	diǎn	13
188	电	diàn	5
188	电梯	diàntī	6
188	电子书	diànzǐshū	14
188	丢	diū	1
188	东方	dōngfāng	13
188	冬天	dōngtiān	12
188	懂得	dǒngde	18
188	动物	dòngwù	16
188	动物园	dòngwùyuán	16
188	短	duǎn	1
188	短裤	duǎnkù	7
188	段	duàn	15
188	锻炼	duànliàn	5
188	对话	duìhuà	10
188	饿	è	2
188	而且	érqiě	7
188	耳朵	ěrduo	8
188	耳机	ěrjī	6
188	发	fā	11
188	发烧	fāshāo	8
188	发生	fāshēng	18
188	发现	fāxiàn	1
188	发展	fāzhǎn	18
188	方便	fāngbiàn	2
188	方便面	fāngbiànmiàn	2
188	方法	fāngfǎ	8
188	方向	fāngxiàng	17
188	房子	fángzi	3
188	放	fàng	13
188	放假	fàngjià	6
188	放心	fàngxīn	13
188	放学	fàngxué	15
188	分开	fēnkāi	6
188	风	fēng	12
188	封	fēng	5
188	夫妻	fūqī	13
188	服务	fúwù	2
188	*服务台	fúwùtái	1
188	附近	fùjìn	15
188	复习	fùxí	10
188	该	gāi	6
188	干净	gānjìng	4
188	感到	gǎndào	13
188	感冒	gǎnmào	8
188	感兴趣	gǎn xìngqù	5
188	干	gàn	5
188	刚	gāng	18
189	刚才	gāngcái	12
189	刚刚	gānggāng	18
189	高铁	gāotiě	6
189	根据	gēnjù	15
189	更	gèng	7
189	工作日	gōngzuòrì	12
189	公斤	gōngjīn	7
189	公园	gōngyuán	12
189	故事	gùshi	14
189	刮	guā	12
189	关	guān	3
189	关机	guānjī	17
189	关系	guānxì	15
189	关心	guānxīn	8
189	关于	guānyú	16
189	关注	guānzhù	12
189	*国宝	guóbǎo	16
189	国家	guójiā	17
189	过节	guòjié	18
189	过去	guòqù	18
189	*哈哈	hāhā	5
189	海	hǎi	4
189	害怕	hàipà	17
189	好多	hǎoduō	9
189	好久	hǎojiǔ	2
189	好像	hǎoxiàng	1,16
189	号码	hàomǎ	1
189	合适	héshì	7
189	河	hé	15
189	黑板	hēibǎn	10
189	红绿灯	hóng-lǜdēng	6
189	后来	hòulái	6
189	后年	hòunián	10
189	后天	hòutiān	11
189	护照	hùzhào	1
189	花园	huāyuán	3
189	画家	huàjiā	13
189	欢迎	huānyíng	4
189	还	huán	3
189	环境	huánjìng	3
189	换	huàn	3
189	黄色	huángsè	7
189	回	huí	9
189	回答	huídá	17
189	会	huì	5
189	会议	huìyì	11
189	或	huò	11
189	或者	huòzhě	11
189	几乎	jīhū	9
189	机会	jīhuì	11
189	鸡	jī	2
189	极	jí	7
189	急	jí	6
189	记	jì	2
189	季节	jìjié	12
189	*继续	jìxù	17
189	加	jiā	13
189	假期	jiàqī	4
189	坚持	jiānchí	18
189	检查	jiǎnchá	6
189	检票	jiǎnpiào	6
189	简单	jiǎndān	2
189	见面	jiànmiàn	18
189	健康	jiànkāng	8
189	讲	jiǎng	10
189	脚	jiǎo	16
190	接	jiē	1
190	街	jiē	12
190	节	jié	14,18
190	节目	jiémù	14
190	节日	jiérì	18
190	结婚	jiéhūn	7
190	结束	jiéshù	5
190	解决	jiějué	11
190	借	jiè	12
190	斤	jīn	7
190	*紧张	jǐnzhāng	9
190	经过	jīngguò	15
190	经理	jīnglǐ	11
190	*景点	jǐngdiǎn	15
190	久	jiǔ	4
190	酒	jiǔ	13
190	旧	jiù	7
190	句	jù	10
190	句子	jùzi	10
190	决定	juédìng	7
190	卡	kǎ	9
190	开	kāi	8
190	开花	kāihuā	12
190	开会	kāihuì	11
190	开机	kāijī	7
190	开心	kāixīn	8
190	看来	kànlái	11
190	可	kě	17
190	可爱	kě'ài	16
190	可是	kěshì	15
190	渴	kě	2
190	刻	kè	4
190	*客气	kèqi	2
190	客人	kèrén	13
190	空调	kōngtiáo	3
190	筷子	kuàizi	2
190	矿泉水	kuàngquánshuǐ	18
190	来自	láizì	13
190	蓝	lán	15
190	老人	lǎorén	15
190	离开	líkāi	11
190	礼物	lǐwù	13
190	历史	lìshǐ	10
190	*联欢	liánhuān	18
190	脸	liǎn	16
190	练	liàn	9
190	练习	liànxí	9
190	凉快	liángkuai	12
190	辆	liàng	7
190	聊	liáo	15
190	聊天儿	liáotiānr	13
190	了解	liǎojiě	15
190	邻居	línjū	13
190	留学	liúxué	17
190	留学生	liúxuéshēng	14
190	楼梯	lóutī	17
190	路口	lùkǒu	6
190	马	mǎ	4
190	马路	mǎlù	15
190	马上	mǎshàng	2
190	满意	mǎnyì	4
190	毛	máo	7
190	米	mǐ	1
190	面前	miànqián	14
190	名人	míngrén	14
191	明白	míngbai	10
191	*目标	mùbiāo	18
191	男生	nánshēng	9
191	南方	nánfāng	13
191	难	nán	10
191	难过	nánguò	5
191	难看	nánkàn	5
191	难题	nántí	17
191	年级	niánjí	10
191	年轻	niánqīng	1
191	牛	niú	4
191	努力	nǔlì	10
191	女生	nǚshēng	14
191	爬	pá	5
191	怕	pà	11
191	拍照	pāizhào	5
191	盘子	pánzi	13
191	胖	pàng	8
191	啤酒	píjiǔ	9
191	平时	píngshí	15
191	其实	qíshí	16
191	其他	qítā	8
191	奇怪	qíguài	16
191	骑	qí	4
191	起	qǐ	18
191	起飞	qǐfēi	4
191	前天	qiántiān	17
191	清楚	qīngchu	10
191	请假	qǐngjià	11
191	请客	qǐngkè	13
191	秋天	qiūtiān	12
191	球场	qiúchǎng	9
191	*全	quán	16
191	裙子	qúnzi	7
191	然后	ránhòu	14
191	热情	rèqíng	2
191	认得	rènde	16
191	认为	rènwéi	17
191	认真	rènzhēn	10
191	容易	róngyì	17
191	如果	rúguǒ	6
191	伞	sǎn	12
191	沙发	shāfā	6
191	山	shān	5
191	勺子	sháozi	2
191	身边	shēnbiān	16
191	身高	shēngāo	1
191	生活	shēnghuó	11
191	生气	shēngqì	17
191	声	shēng	7
191	声音	shēngyīn	11
191	世界	shìjiè	9
191	试	shì	7
191	*视频	shìpín	14
191	室	shì	11
191	收	shōu	18
191	收到	shōudào	5
191	受到	shòudào	9
191	瘦	shòu	1
191	叔叔	shūshu	18
191	树	shù	5
191	数学	shùxué	10
191	刷	shuā	6
192	双	shuāng	2
192	水平	shuǐpíng	5
192	司机	sījī	4
192	四季	sìjì	12
192	太阳	tàiyáng	5
192	特别	tèbié	4
192	提高	tígāo	10
192	体育	tǐyù	9
192	体育馆	tǐyùguǎn	8
192	甜	tián	7
192	跳	tiào	14
192	听说	tīngshuō	3
192	挺	tǐng	3
192	同事	tóngshì	11
192	同意	tóngyì	17
192	头发	tóufa	1
192	突然	tūrán	8
192	图书馆	túshūguǎn	14
192	腿	tuǐ	8
192	外地	wàidì	15
192	外卖	wàimài	2
192	外语	wàiyǔ	10
192	完成	wánchéng	18
192	晚点	wǎndiǎn	4
192	晚会	wǎnhuì	13
192	碗	wǎn	2
192	网球	wǎngqiú	9
192	网站	wǎngzhàn	14
192	忘记	wàngjì	14
192	卫生间	wèishēngjiān	3
192	为	wèi	11
192	为了	wèile	9
192	文化	wénhuà	13
192	屋子	wūzi	17
192	西北	xīběi	15
192	西瓜	xīguā	7
192	习惯	xíguàn	8
192	洗衣机	xǐyījī	3
192	喜爱	xǐ'ài	16
192	夏天	xiàtiān	12
192	先	xiān	4
192	相信	xiāngxìn	14
192	香蕉	xiāngjiāo	7
192	箱子	xiāngzi	1
192	向	xiàng	17
192	相机	xiàngjī	4
192	像	xiàng	1
192	小区	xiǎoqū	3
192	小心	xiǎoxīn	6
192	校园	xiàoyuán	9
192	校长	xiàozhǎng	14
192	鞋	xié	5
192	心里	xīnlǐ	8
192	新年	xīnnián	14
192	新闻	xīnwén	12
192	新鲜	xīnxiān	7
192	信用卡	xìnyòngkǎ	3
192	行	xíng	6
192	行李	xíngli	1
192	兴趣	xìngqù	5
192	休假	xiūjià	11
192	需要	xūyào	3
192	选	xuǎn	2
193	选择	xuǎnzé	6
193	学期	xuéqī	18
193	羊	yáng	4
193	养	yǎng	15
193	要求	yāoqiú	10
193	*野生	yěshēng	16
193	*叶子	yèzi	12
193	页	yè	10
193	一定	yídìng	4
193	一共	yígòng	7
193	一会儿	yíhuìr	16
193	一块儿	yíkuàir	14
193	一样	yíyàng	4
193	以后	yǐhòu	8
193	以前	yǐqián	6
193	以上	yǐshàng	15
193	以外	yǐwài	4
193	以为	yǐwéi	1
193	一般	yìbān	10
193	一边	yìbiān	13
193	一直	yìzhí	4
193	音乐	yīnyuè	5
193	银行	yínháng	3
193	饮料	yǐnliào	2
193	应该	yīnggāi	1
193	影响	yǐngxiǎng	9
193	用	yòng	2
193	邮件	yóujiàn	5
193	邮箱	yóuxiāng	11
193	游客	yóukè	15
193	游戏	yóuxì	15
193	有关	yǒuguān	17
193	有名	yǒumíng	15
193	有些	yǒuxiē	14
193	有用	yǒuyòng	17
193	又	yòu	2
193	羽毛球	yǔmáoqiú	8
193	雨衣	yǔyī	12
193	遇到	yùdào	10
193	遇见	yùjiàn	15
193	员	yuán	2
193	愿意	yuànyì	11
193	月亮	yuèliang	4
193	越	yuè	6
193	运动会	yùndònghuì	9
193	运动员	yùndòngyuán	9
193	咱们	zánmen	3
193	脏	zāng	16
193	怎么办	zěnme bàn	14
193	怎样	zěnyàng	18
193	站	zhàn	1
193	张	zhāng	2,16
193	长	zhǎng	1
193	着急	zháojí	1
193	照	zhào	5
193	照顾	zhàogù	16
193	照片	zhàopiàn	1
193	照相	zhàoxiàng	5
193	*真正	zhēnzhèng	17
193	直到	zhídào	13
193	只	zhǐ	2
193	只能	zhǐ néng	11
193	只是	zhǐshì	9
193	只要	zhǐyào	18
193	只有	zhǐyǒu	17
193	纸	zhǐ	3
194	中间	zhōngjiān	1
194	终于	zhōngyú	5
194	种	zhǒng	8
194	重要	zhòngyào	1
194	周末	zhōumò	16
194	*竹子	zhúzi	16
194	主要	zhǔyào	9
194	*主意	zhǔyi	4
194	住院	zhùyuàn	8
194	注意	zhùyì	8
194	自行车	zìxíngchē	7
194	总	zǒng	18
194	总是	zǒngshì	5
194	嘴	zuǐ	16
194	最好	zuìhǎo	14
194	最后	zuìhòu	14
194	最近	zuìjìn	8
194	作业	zuòyè	10
194	*做法	zuòfǎ	13
194	做客	zuòkè	13
194	奥运会	Àoyùnhuì	9
194	北京南站	Běijīng Nán Zhàn	6
194	春节	Chūnjié	18
194	黄河	Huáng Hé	15
194	老张	Lǎo Zhāng	11
194	刘长春	Liú Chángchūn	9
194	南京	Nánjīng	15
194	英国	Yīngguó	13
