sourceId	pdfPage	printedPage	section	zhAnchor	viPrinted
hsk3-official-vi:l11:p095:lesson-marker	107	95	lesson-marker	第十一课	Bài
hsk3-official-vi:l11:p095:lesson-title	107	95	lesson-title	看来我没办法解决这个问题	Xem ra em không thể giải quyết vấn đề này
hsk3-official-vi:l11:p095:goals-heading	107	95	goals-heading	目标	Mục tiêu
hsk3-official-vi:l11:p095:goal-01	107	95	goal-01	能听懂并交流工作情况。	Có thể nghe hiểu và trao đổi được tình hình công việc.
hsk3-official-vi:l11:p095:goal-02	107	95	goal-02	能听懂并谈论职业选择和工作感受。	Có thể nghe hiểu và thảo luận được về lựa chọn nghề nghiệp và cảm nhận trong công việc.
hsk3-official-vi:l11:p095:goal-03	107	95	goal-03	掌握“看来”的用法，能对事件进行推测和分析。	Nắm vững cách sử dụng của “看来” để đưa ra suy đoán và phân tích sự việc.
hsk3-official-vi:l11:p095:warmup-heading	107	95	warmup-heading	热身	Khởi động
hsk3-official-vi:l11:p095:warmup-match-instruction	107	95	warmup-match-instruction	给下面的词语选择对应的图片。	Lựa chọn hình ảnh tương ứng với các từ ngữ sau.
hsk3-official-vi:l11:p095:warmup-pair-instruction	107	95	warmup-pair-instruction	两人一组，根据实际情况对话。	Hai người một nhóm, tiến hành hội thoại theo tình huống thực tế.
hsk3-official-vi:l11:p095:warmup-question-01	107	95	warmup-question-01	你觉得工作和家人哪个更重要？为什么？	Bạn cho rằng công việc và gia đình, cái nào quan trọng hơn? Vì sao?
hsk3-official-vi:l11:p095:warmup-question-02	107	95	warmup-question-02	你愿意一个人完成工作还是跟同事一起完成工作？为什么？	Bạn thích làm việc một mình hay làm việc cùng đồng nghiệp? Vì sao?
hsk3-official-vi:l11:p096:series-running-header	108	96	series-running-header	新HSK教程3	Giáo trình New HSK 3
hsk3-official-vi:l11:p096:text1-heading	108	96	text1-heading	课文1	Bài khoá 1
hsk3-official-vi:l11:p096:text1-background	108	96	text1-background	在办公室里，王一雪跟杨同乐在讨论工作。	Vương Nhất Tuyết và Dương Đồng Lạc đang thảo luận công việc trong văn phòng.
hsk3-official-vi:l11:p096:text1-listening-instruction	108	96	text1-listening-instruction	听两遍对话，选择正确答案。	Nghe hội thoại hai lượt và chọn đáp án đúng.
hsk3-official-vi:l11:p096:text1-words-heading	108	96	text1-words-heading	生词	Từ mới
hsk3-official-vi:l11:p096:word-01	108	96	word-01	会议	cuộc họp, hội nghị
hsk3-official-vi:l11:p096:word-02	108	96	word-02	经理	giám đốc
hsk3-official-vi:l11:p096:word-03	108	96	word-03	开会	họp
hsk3-official-vi:l11:p096:word-04	108	96	word-04	后天	ngày kia
hsk3-official-vi:l11:p096:word-05	108	96	word-05	地点	địa điểm
hsk3-official-vi:l11:p096:word-06	108	96	word-06	室	phòng
hsk3-official-vi:l11:p096:word-07	108	96	word-07	发	gửi
hsk3-official-vi:l11:p096:word-08	108	96	word-08	笔记本（电脑）	máy tính xách tay
hsk3-official-vi:l11:p096:word-09	108	96	word-09	或者	hoặc, hoặc là
hsk3-official-vi:l11:p096:help-heading	108	96	help-heading	小语助力	Tiểu Ngữ giúp sức
hsk3-official-vi:l11:p096:help-connection-explanation	108	96	help-connection-explanation	这里“接”的意思是“连接”。	Từ “接” ở đây có nghĩa là “kết nối”.
hsk3-official-vi:l11:p097:lesson-running-header	109	97	lesson-running-header	看来我没办法解决这个问题 | 第11课	Bài
hsk3-official-vi:l11:p097:text1-role-read-instruction	109	97	text1-role-read-instruction	分角色朗读对话，读后回答问题。	Phân vai đọc to đoạn hội thoại, sau đó trả lời câu hỏi.
hsk3-official-vi:l11:p097:grammar-classroom-heading	109	97	grammar-classroom-heading	小语讲堂	Lớp học của Tiểu Ngữ
hsk3-official-vi:l11:p097:grammar-1-heading	109	97	grammar-1-heading	“还是”和“或者”	“还是” và “或者”
hsk3-official-vi:l11:p097:grammar-1-haishi-explanation	109	97	grammar-1-haishi-explanation	“还是”一般用在疑问句中，提出两个或多个选项，希望对方从中做出选择。例如：	“还是” thường được dùng trong câu hỏi, đưa ra hai hoặc nhiều phương án để người nghe lựa chọn. Ví dụ:
hsk3-official-vi:l11:p097:grammar-1-huozhe-explanation	109	97	grammar-1-huozhe-explanation	“或者”主要用在陈述句中，不能用在疑问句中。例如：	“或者” thường được dùng trong câu trần thuật, không dùng trong câu hỏi. Ví dụ:
hsk3-official-vi:l11:p097:grammar-1-complete-instruction	109	97	grammar-1-complete-instruction	完成对话。	Hoàn thành hội thoại.
hsk3-official-vi:l11:p097:text2-heading	109	97	text2-heading	课文2	Bài khoá 2
hsk3-official-vi:l11:p097:text2-background	109	97	text2-background	在会议室，王一雪跟杨同乐在做会前准备。	Vương Nhất Tuyết và Dương Đồng Lạc đang chuẩn bị cho cuộc họp ở trong phòng họp.
hsk3-official-vi:l11:p097:text2-listening-instruction	109	97	text2-listening-instruction	听两遍对话，选择正确答案。	Nghe hội thoại hai lượt và chọn đáp án đúng.
hsk3-official-vi:l11:p098:series-running-header	110	98	series-running-header	新HSK教程3	Giáo trình New HSK 3
hsk3-official-vi:l11:p098:text2-words-heading	110	98	text2-words-heading	生词	Từ mới
hsk3-official-vi:l11:p098:word-10	110	98	word-10	声音	âm thanh
hsk3-official-vi:l11:p098:word-11	110	98	word-11	看来	xem ra, dường như, có vẻ như
hsk3-official-vi:l11:p098:word-12	110	98	word-12	办法	biện pháp, cách
hsk3-official-vi:l11:p098:word-13	110	98	word-13	解决	giải quyết
hsk3-official-vi:l11:p098:word-14	110	98	word-14	只能	chỉ có thể
hsk3-official-vi:l11:p098:word-15	110	98	word-15	别人	người khác
hsk3-official-vi:l11:p098:text2-role-read-instruction	110	98	text2-role-read-instruction	分角色朗读对话，读后回答问题。	Phân vai đọc to đoạn hội thoại, sau đó trả lời câu hỏi.
hsk3-official-vi:l11:p098:grammar-classroom-heading	110	98	grammar-classroom-heading	小语讲堂	Lớp học của Tiểu Ngữ
hsk3-official-vi:l11:p098:grammar-2-heading	110	98	grammar-2-heading	固定短语“看来”	Cụm từ cố định “看来”
hsk3-official-vi:l11:p098:grammar-2-explanation	110	98	grammar-2-explanation	固定短语“看来”后面加上一个结论，表示说话人通过观察、思考后，对当前情况的分析或推测。例如：	Sau cụm từ cố định “看来” có thể thêm một kết luận, thể hiện sự phân tích hoặc suy đoán của người nói về tình huống hiện tại thông qua việc quan sát hoặc suy nghĩ. Ví dụ:
hsk3-official-vi:l11:p099:lesson-running-header	111	99	lesson-running-header	看来我没办法解决这个问题 | 第11课	Bài
hsk3-official-vi:l11:p099:grammar-2-complete-instruction	111	99	grammar-2-complete-instruction	完成句子。	Hoàn thành câu.
hsk3-official-vi:l11:p099:text3-heading	111	99	text3-heading	课文3	Bài khoá 3
hsk3-official-vi:l11:p099:text3-background	111	99	text3-background	在办公室里，王一雪跟杨同乐在聊天儿。	Vương Nhất Tuyết và Dương Đồng Lạc đang trò chuyện trong văn phòng.
hsk3-official-vi:l11:p099:text3-listening-instruction	111	99	text3-listening-instruction	听两遍对话，选择正确答案。	Nghe hội thoại hai lượt và chọn đáp án đúng.
hsk3-official-vi:l11:p099:text3-words-heading	111	99	text3-words-heading	生词	Từ mới
hsk3-official-vi:l11:p099:word-16	111	99	word-16	请假	xin nghỉ, xin nghỉ phép
hsk3-official-vi:l11:p099:word-17	111	99	word-17	同事	đồng nghiệp
hsk3-official-vi:l11:p099:word-18	111	99	word-18	休假	nghỉ phép
hsk3-official-vi:l11:p099:word-19	111	99	word-19	怕	sợ
hsk3-official-vi:l11:p099:word-20	111	99	word-20	邮箱	hộp thư điện tử
hsk3-official-vi:l11:p099:proper-nouns-heading	111	99	proper-nouns-heading	专有名词	Danh từ riêng
hsk3-official-vi:l11:p099:proper-noun-01	111	99	proper-noun-01	老张	ông Trương, anh Trương
hsk3-official-vi:l11:p100:series-running-header	112	100	series-running-header	新HSK教程3	Giáo trình New HSK 3
hsk3-official-vi:l11:p100:text3-role-read-instruction	112	100	text3-role-read-instruction	分角色朗读对话，读后回答问题。	Phân vai đọc to đoạn hội thoại, sau đó trả lời câu hỏi.
hsk3-official-vi:l11:p100:grammar-classroom-heading	112	100	grammar-classroom-heading	小语讲堂	Lớp học của Tiểu Ngữ
hsk3-official-vi:l11:p100:grammar-3-heading	112	100	grammar-3-heading	“把”字句（3）	Câu chữ “把” (3)
hsk3-official-vi:l11:p100:grammar-3-explanation	112	100	grammar-3-explanation	“把”字句表示动作对确定的人或事物产生某种结果。基本结构：“主语+把+宾语+动词+结果补语”。例如：	Câu chữ “把” biểu thị hành động tác động lên một đối tượng xác định và tạo ra kết quả cụ thể. Cấu trúc cơ bản: Chủ ngữ + 把 + tân ngữ + động từ + bổ ngữ kết quả. Ví dụ:
hsk3-official-vi:l11:p100:grammar-3-complete-instruction	112	100	grammar-3-complete-instruction	完成对话。	Hoàn thành hội thoại.
hsk3-official-vi:l11:p100:text4-heading	112	100	text4-heading	课文4	Bài khoá 4
hsk3-official-vi:l11:p100:text4-background	112	100	text4-background	在家里，王一雪在写日记。	Vương Nhất Tuyết đang ngồi viết nhật ký ở trong nhà.
hsk3-official-vi:l11:p100:text4-listening-instruction	112	100	text4-listening-instruction	听两遍课文，选择正确答案。	Nghe bài khoá hai lượt và chọn đáp án đúng.
hsk3-official-vi:l11:p101:lesson-running-header	113	101	lesson-running-header	看来我没办法解决这个问题 | 第11课	Bài
hsk3-official-vi:l11:p101:text4-words-heading	113	101	text4-words-heading	生词	Từ mới
hsk3-official-vi:l11:p101:word-21	113	101	word-21	愿意	sẵn lòng, bằng lòng
hsk3-official-vi:l11:p101:word-22	113	101	word-22	城市	thành phố
hsk3-official-vi:l11:p101:word-23	113	101	word-23	离开	rời khỏi
hsk3-official-vi:l11:p101:word-24	113	101	word-24	机会	cơ hội
hsk3-official-vi:l11:p101:word-25	113	101	word-25	生活	cuộc sống, sinh sống
hsk3-official-vi:l11:p101:word-26	113	101	word-26	为	vì
hsk3-official-vi:l11:p101:word-27	113	101	word-27	或	hoặc, hoặc là
hsk3-official-vi:l11:p101:text4-read-instruction	113	101	text4-read-instruction	朗读课文，读后回答问题。	Đọc to bài khoá, sau đó trả lời câu hỏi.
hsk3-official-vi:l11:p101:grammar-classroom-heading	113	101	grammar-classroom-heading	小语讲堂	Lớp học của Tiểu Ngữ
hsk3-official-vi:l11:p101:grammar-4-heading	113	101	grammar-4-heading	固定格式“对……来说”	Cấu trúc cố định “对……来说”
hsk3-official-vi:l11:p101:grammar-4-explanation	113	101	grammar-4-explanation	固定格式“对……来说”指明观点、感受或情况所属的对象。例如：	Cấu trúc cố định “对……来说” dùng để chỉ rõ đối tượng liên quan trực tiếp đến một quan điểm, cảm nhận hoặc tình huống cụ thể. Ví dụ:
hsk3-official-vi:l11:p102:series-running-header	114	102	series-running-header	新HSK教程3	Giáo trình New HSK 3
hsk3-official-vi:l11:p102:grammar-4-complete-instruction	114	102	grammar-4-complete-instruction	完成对话。	Hoàn thành hội thoại.
hsk3-official-vi:l11:p102:integrated-exercises-heading	114	102	integrated-exercises-heading	综合练习	Bài tập tổng hợp
hsk3-official-vi:l11:p102:exercise-fill-instruction	114	102	exercise-fill-instruction	选词填空。	Chọn từ thích hợp điền vào chỗ trống.
hsk3-official-vi:l11:p103:lesson-running-header	115	103	lesson-running-header	看来我没办法解决这个问题 | 第11课	Bài
hsk3-official-vi:l11:p103:exercise-picture-instruction	115	103	exercise-picture-instruction	用本课新学的词语和语言点描述图片。	Sử dụng từ ngữ và điểm ngôn ngữ đã học trong bài để miêu tả các hình ảnh sau.
hsk3-official-vi:l11:p103:classroom-activities-heading	115	103	classroom-activities-heading	课堂活动	Hoạt động trên lớp
hsk3-official-vi:l11:p103:classroom-group-heading	115	103	classroom-group-heading	多人活动	Hoạt động theo nhóm nhiều người
hsk3-official-vi:l11:p103:classroom-group-instruction	115	103	classroom-group-instruction	四人一组，轮流描述一个职业，其他人猜。描述时不能直接说出职业的名称，而要用几句话来介绍这个工作的内容、场所、穿着等。回答时，使用本课所学的词语和语言点。	Bốn người một nhóm, lần lượt miêu tả một nghề nghiệp để các bạn khác đoán. Khi miêu tả, không được nêu trực tiếp tên nghề mà cần dùng một vài câu để trình bày nội dung công việc, môi trường làm việc, trang phục công sở... Khi trả lời, hãy sử dụng từ ngữ và các điểm ngôn ngữ đã học trong bài.
hsk3-official-vi:l11:p103:classroom-example-label	115	103	classroom-example-label	例如：	Ví dụ:
hsk3-official-vi:l11:p190:appendix-series-running-header	202	190	appendix-series-running-header	新HSK教程3	Giáo trình New HSK 3
hsk3-official-vi:l11:p190:appendix-lesson-marker	202	190	appendix-lesson-marker	第十一课	Bài
hsk3-official-vi:l11:p190:appendix-text1-line01	202	190	appendix-text1-line01	会议下午几点开始？	Chiều nay mấy giờ bắt đầu họp nhỉ?
hsk3-official-vi:l11:p190:appendix-text1-line02	202	190	appendix-text1-line02	今天下午经理不在，不开会了。	Chiều nay giám đốc không ở công ty nên không họp nữa.
hsk3-official-vi:l11:p190:appendix-text1-line03	202	190	appendix-text1-line03	那什么时候开会？	Vậy khi nào sẽ họp đấy?
hsk3-official-vi:l11:p190:appendix-text1-line04	202	190	appendix-text1-line04	后天上午十点，会议地点换到第一会议室。我正要给大家发邮件。	10 giờ sáng ngày kia, địa điểm họp đã được rời sang Phòng họp số 1. Em đang gửi email cho mọi người đây.
hsk3-official-vi:l11:p190:appendix-text1-line05	202	190	appendix-text1-line05	开会的时候，我们用会议室的电脑还是自己的笔记本电脑？	Trong cuộc họp, chúng ta dùng máy tính của phòng họp hay máy tính cá nhân vậy?
hsk3-official-vi:l11:p190:appendix-text1-line06	202	190	appendix-text1-line06	会议室的电脑或者自己的电脑都可以。	Máy tính của phòng họp hay máy tính cá nhân đều được.
hsk3-official-vi:l11:p190:appendix-text1-line07	202	190	appendix-text1-line07	那到时候咱们早点儿过去，你帮我把电脑接好吧。	Vậy tới khi đó, chúng ta hãy tới sớm một chút, em kết nối máy tính hộ chị được không?
hsk3-official-vi:l11:p191:appendix-text2-line01	203	191	appendix-text2-line01	电脑接好了吗？	Máy tính đã kết nối xong chưa?
hsk3-official-vi:l11:p191:appendix-text2-line02	203	191	appendix-text2-line02	已经接好了，您开机看看有没有问题。	Kết nối xong rồi. Chị thử bật lên xem có vấn đề gì không.
hsk3-official-vi:l11:p191:appendix-text2-line03	203	191	appendix-text2-line03	现在什么都看不见。	Hiện tại chị không nhìn thấy gì cả.
hsk3-official-vi:l11:p191:appendix-text2-line04	203	191	appendix-text2-line04	我检查一下哪里出问题了……您再试一下。	Để em kiểm tra xem chỗ nào có vấn đề... Chị hãy thử lại một lần nữa xem.
hsk3-official-vi:l11:p191:appendix-text2-line05	203	191	appendix-text2-line05	看见了，但是听不见声音。	Nhìn thấy rồi, nhưng không nghe thấy tiếng.
hsk3-official-vi:l11:p191:appendix-text2-line06	203	191	appendix-text2-line06	现在呢？	Bây giờ thì sao?
hsk3-official-vi:l11:p191:appendix-text2-line07	203	191	appendix-text2-line07	听得见声音，但是声音有点儿小，听不清楚。	Chị có thể nghe thấy rồi, nhưng âm thanh quá nhỏ, không nghe rõ.
hsk3-official-vi:l11:p191:appendix-text2-line08	203	191	appendix-text2-line08	看来我没办法解决这个问题，只能找别人来帮帮忙了。	Xem ra em không thể giải quyết được vấn đề này rồi, chỉ có thể nhờ người khác giúp thôi.
hsk3-official-vi:l11:p191:appendix-text3-line01	203	191	appendix-text3-line01	同乐，你看见老张了吗？	Đồng Lạc, em có nhìn thấy anh Trương đâu không?
hsk3-official-vi:l11:p191:appendix-text3-line02	203	191	appendix-text3-line02	老张没来。他说家里有点儿事，所以请假了。	Anh Trương chưa đến. Anh ấy nói gia đình có một số việc cần phải giải quyết nên đã xin nghỉ phép rồi.
hsk3-official-vi:l11:p191:appendix-text3-line03	203	191	appendix-text3-line03	好几个同事都休假了，开会前这么多工作我怕干不完。	Mấy đồng nghiệp đều nghỉ phép hết rồi, e rằng chị sẽ không thể hoàn thành tất cả công việc này trước cuộc họp mất.
hsk3-official-vi:l11:p191:appendix-text3-line04	203	191	appendix-text3-line04	十二点多了，咱们先去吃饭吧。吃完饭，我跟您一起把这些工作做完。	Đã hơn 12 giờ rồi, chúng ta đi ăn trưa trước đi. Sau khi ăn xong, em sẽ cùng chị hoàn thành những công việc này.
hsk3-official-vi:l11:p191:appendix-text3-line05	203	191	appendix-text3-line05	你先去吃，我想再干一会儿。明天开会前要发到公司的邮箱里。	Em đi ăn trước đi, chị muốn làm thêm một lát nữa. Chị cần gửi những thư này đến địa chỉ email của công ty trước cuộc họp ngày mai.
hsk3-official-vi:l11:p191:appendix-text3-line06	203	191	appendix-text3-line06	您没看到邮件吗？经理还没回来呢，下周才能开会。	Chị chưa xem email à? Giám đốc vẫn chưa về nên cuộc họp đã được dời sang tuần sau rồi.
hsk3-official-vi:l11:p191:appendix-text3-line07	203	191	appendix-text3-line07	那不着急了。走，吃饭去。	Thế thì không phải vội nữa rồi. Nào, đi ăn thôi.
hsk3-official-vi:l11:p191:appendix-text4-whole-paragraph	203	191	appendix-text4-whole-paragraph	前几天，上海的同事来北京了。一起吃饭时，他们跟我说最近有不少同事去上海工作了，问我愿意不愿意也去上海。我是这样想的：现在丈夫和孩子都在北京，刘明的工作很忙，小雪和小明也还小，我去别的城市工作就要离开他们。虽然去上海可能会有更好的机会，但是对我来说，生活也很重要，我不愿意为工作或学习离开家人。	Vài ngày trước, một số đồng nghiệp ở Thượng Hải đã đến Bắc Kinh. Lúc dùng bữa cùng nhau, họ nói với tôi rằng, gần đây rất nhiều đồng nghiệp đã chuyển đến Thượng Hải làm việc, hỏi tôi liệu có muốn đi Thượng Hải không. Tôi nghĩ như thế này: Hiện giờ, chồng và con tôi đều đang ở Bắc Kinh, công việc của Lưu Minh cực kì bận rộn, Tiểu Tuyết và Tiểu Minh vẫn còn nhỏ, nếu tôi đến thành phố khác làm việc thì buộc phải rời xa các con. Mặc dù Thượng Hải có thể mang lại cơ hội nghề nghiệp tốt hơn, nhưng đối với tôi mà nói, cuộc sống cũng rất quan trọng, tôi không muốn vì công việc hay việc học mà phải rời xa gia đình.
